[
  {
    "user": "Алексей_1994b",
    "date": "2023-08-25T10:59:27.121Z",
    "text": "Самое обидное когда сценарий по сути есть - в виде книг, где нет сюжетных дыр, всё логично, стройное повествование и достаточно взять и экранизировать оригинал как это было в первых фильмах с минимальным количеством отсебятины и зритель с восторгом примет любой такой фильм и сериал, однако вместо этого 'Кольца власти' просто позаимствовали имена из оригинала, куски истории, мало связанные между собой и выдали очередной среднячковый сериал на один раз в лучшем случае."
  },
  {
    "user": "Максим Авдеенко",
    "date": "2023-08-25T10:59:27.121Z",
    "text": ""
  },
  {
    "user": "Джунбокс3000",
    "date": "2023-08-25T10:59:27.121Z",
    "text": "Наверное, самая большая ошибка создателей сериала была в том, что они поставили уж слишком много надежд на поддержку фанатов вселенной. Как оказалось на деле, большинство 'фанатов' с самой настоящей яростью и желчью стали уничтожать сериал, при этом объективности в отзывах самый минимум."
  },
  {
    "user": "Мистер_душнила",
    "date": "2023-08-25T10:59:27.121Z",
    "text": "Какую-то дичь несешь, братиш!"
  }
]